{"cameraMode":{"drawMode":0,"name":"Shaded","section":"Shading Mode"},"sceneLighting":true,"audioPlay":false,"sceneViewState":{"showFog":true,"showMaterialUpdate":false,"showSkybox":true,"showFlares":true,"showImageEffects":true,"showParticleSystems":true},"in2DMode":false,"pivot":{"x":0.15330886840820313,"y":2.9985029697418215,"z":4.078800201416016},"rotation":{"x":-0.05417201668024063,"y":0.8803566694259644,"z":-0.10375040024518967,"w":-0.4596641957759857},"size":10.486123085021973,"orthographic":false}