{"cameraMode":{"drawMode":0,"name":"Shaded","section":"Shading Mode"},"sceneLighting":true,"audioPlay":false,"sceneViewState":{"showFog":true,"showMaterialUpdate":false,"showSkybox":true,"showFlares":true,"showImageEffects":true,"showParticleSystems":true},"in2DMode":false,"pivot":{"x":0.7309913635253906,"y":5.279085636138916,"z":2.2958240509033205},"rotation":{"x":-0.05417201668024063,"y":0.8803566694259644,"z":-0.10375040024518967,"w":-0.4596641957759857},"size":10.046372413635254,"orthographic":false}