{"cameraMode":{"drawMode":0,"name":"Shaded","section":"Shading Mode"},"sceneLighting":true,"audioPlay":false,"sceneViewState":{"showFog":true,"showMaterialUpdate":false,"showSkybox":true,"showFlares":true,"showImageEffects":true,"showParticleSystems":true},"in2DMode":false,"pivot":{"x":-4.531378269195557,"y":0.5165491104125977,"z":0.847569465637207},"rotation":{"x":-0.08052778244018555,"y":0.887671709060669,"z":-0.17008155584335328,"w":-0.4202852249145508},"size":7.2284159660339359,"orthographic":false}